<?xml version="1.0" encoding="UTF-8"?>
<beans xmlns="http://www.springframework.org/schema/beans"
	xmlns:xsi="http://www.w3.org/2001/XMLSchema-instance" xmlns:context="http://www.springframework.org/schema/context"
	xmlns:tx="http://www.springframework.org/schema/tx" xmlns:jee="http://www.springframework.org/schema/jee"
	xmlns:c="http://www.springframework.org/schema/c" xmlns:batch="http://www.springframework.org/schema/batch"
	xmlns:p="http://www.springframework.org/schema/p" xmlns:cache="http://www.springframework.org/schema/cache"
	xmlns:jdbc="http://www.springframework.org/schema/jdbc" xmlns:aop="http://www.springframework.org/schema/aop"
	xsi:schemaLocation="http://www.springframework.org/schema/batch
		http://www.springframework.org/schema/batch/spring-batch-3.0.xsd
		http://www.springframework.org/schema/beans http://www.springframework.org/schema/beans/spring-beans-3.0.xsd
		http://www.springframework.org/schema/context http://www.springframework.org/schema/context/spring-context-3.0.xsd
		http://www.springframework.org/schema/tx http://www.springframework.org/schema/tx/spring-tx.xsd
		http://www.springframework.org/schema/cache http://www.springframework.org/schema/cache/spring-cache.xsd
		http://www.springmodules.org/schema/ehcache http://www.springmodules.org/schema/cache/springmodules-ehcache.xsd
		http://www.springframework.org/schema/jee http://www.springframework.org/schema/jee/spring-jee-3.0.xsd
      	http://www.springframework.org/schema/jdbc 
		http://www.springframework.org/schema/jdbc/spring-jdbc-4.1.xsd
		http://www.springframework.org/schema/aop 
		http://www.springframework.org/schema/aop/spring-aop-3.0.xsd 
      ">

	<!-- Validation job -->
	<batch:job id="bulkMovementsValidateJob" restartable="false">
		<batch:step id="bulkMovmentsValidateJobStep1"
			allow-start-if-complete="true">
			<batch:tasklet transaction-manager="transactionManager">
				<batch:transaction-attributes
					isolation="READ_COMMITTED" propagation="REQUIRES_NEW" timeout="600" />
				<batch:chunk reader="bulkMovmentsValidateJobStep1FileItemReader"
					writer="bulkMovmentsValidateJobStep1Writer" processor="bulkMovmentsValidateJobStep1Processor"
					commit-interval="1000" skip-limit="1000">
					<batch:listeners>
						<batch:listener ref="bulkMovmentsValidateJobStep1ItemReadListener" />
					</batch:listeners>
					<batch:skippable-exception-classes>
						<batch:include
							class="org.springframework.batch.item.file.FlatFileParseException" />
						<batch:include
							class="org.springframework.batch.item.validator.ValidationException" />
					</batch:skippable-exception-classes>
				</batch:chunk>
			</batch:tasklet>
		</batch:step>
		<batch:listeners>
			<batch:listener ref="bulkMovmentsValidateJobListener" />
		</batch:listeners>
	</batch:job>


	<bean id="bulkMovmentsValidateJobListener"
		class="com.landg.bpa.services.movements.bulkmovements.BulkMovmentsValidateJobListener">
	</bean>

	<bean id="bulkMovmentsValidateJobStep1ItemReadListener"
		class="com.landg.bpa.services.movements.bulkmovements.BulkMovmentsValidateJobStep1ItemReadListener"
		scope="step">
		<property name="jobExecutionId" value="#{jobExecutionContext['executionId']}" />
		<property name="jobExecutionContext" value="#{jobExecutionContext}" />
	</bean>

	<bean id="movementsSkippedLinesCallback"
		class="com.landg.bpa.services.movements.bulkmovements.BulkMovewmentsFileHeaderValidator"
		scope="step">
		<property name="lineTokenizer" ref="lineTokenizer" />
		<property name="jobExecutionContext" value="#{jobExecutionContext}" />

		<property name="metadata">
			<value
				type="com.landg.bpa.services.movements.bulkmovements.BulkMovementsMetadata">EXT_REF_NO</value>
		</property>

		<property name="sourceDataIsValidColumnHeader" value="false" />
	</bean>

	<bean id="movementsLineMapperStoreLineNumber" class="com.landg.bpa.batch.util.LineMapperStoreLineNumber"
		scope="step">
		<property name="lineTokenizer" ref="lineTokenizer" />
		<property name="fieldSetMapper">
			<bean
				class="com.landg.bpa.services.movements.bulkmovements.BulkMovementsValidationFieldSetMapper"
				scope="step">
				<property name="jobExecutionContext" value="#{jobExecutionContext}" />
				<property name="metadata">
					<value
						type="com.landg.bpa.services.movements.bulkmovements.BulkMovementsMetadata">EXT_REF_NO</value>
				</property>

			</bean>
		</property>
	</bean>

	<bean id="bulkMovmentsValidateJobStep1FileItemReader" class="org.springframework.batch.item.file.FlatFileItemReader"
		scope="step">
		<property name="linesToSkip" value="1"></property>
		<property name="skippedLinesCallback" ref="movementsSkippedLinesCallback"></property>
		<property name="resource" value="file:#{jobParameters['File name']}" />
		<property name="lineMapper" ref="movementsLineMapperStoreLineNumber">

		</property>
	</bean>


	<!-- must have a new bean for each step as it stores member state for duration 
		of a job execution. If jobs run in parallel using a singleton would cause 
		corruption -->
	<bean id="bulkMovmentsValidateJobStep1Processor"
		class="com.landg.bpa.services.movements.bulkmovements.BulkMovementsValidationProcessor"
		scope="step">

	</bean>

	<bean id="bulkMovmentsValidateJobStep1Writer"
		class="org.springframework.batch.item.support.CompositeItemWriter">
		<property name="delegates">
			<list>
				<ref bean="movementsValidationWriter" />
			</list>
		</property>
	</bean>

	<bean id="movementsValidationWriter"
		class="org.springframework.batch.item.database.JdbcBatchItemWriter">
		<property name="dataSource" ref="bpaDataSource" />
		<property name="sql">
			<value>
            <![CDATA[      
                    INSERT INTO BPA.TBPBULKMOVEMENTSSTG(STG_ID, JOB_ID, ORIGINAL_FILE_LINE_NUMBER, EXTRNL_RFRNC_N, EXTRNL_RFRNC_N2 ,SPOUSE_EXTRNL_RFRNC_N, SPOUSE_EXTRNL_RFRNC_N2 ,
					SPOUSE_SEX,SPOUSE_BIRTH_DATE, MOVEMENT_DATE, MOVEMENT_TYPE,ARRANGEMENT_NAME,ARRANGEMENT_ID, SPOUSE_FIRST_NAME,
					SPOUSE_SURNAME, DEPENDANT_TYPE, SPOUSE_DATE_OF_MARRIAGE,ANNUITANT_TYPE,PERSON_ID,SURNAME,FIRST_INITIAL,SECOND_INITIAL,THIRD_INITIAL,CURRENT_SEX,NTNL_INSRNC_NMBR,BIRTH_DATE,SCHEME_NUMBER,
					FIRST_FORENAME,SECOND_FORENAME,THIRD_FORENAME,AUTO_AUTH_SPOUSE) 
				    VALUES (:stgbyteId, :jobId, :lineNumber, :externalRefNo, :externalRefNo2 , :spouseExternalRefNo , :spouseExternalRefNo2, :spouseSex,
					:spouseDOB,:dateofMovement,:movementType,:arrangementName,:arrgid, :spouseFirstName, :spouseSurname, :dependantType, :marriageDate, :annuitantType, :personId, :surname, :firstInitial , :secondInitial,
				    :thirdInitial , :currentSex, :nationalInsuranceNumber , :birthDate , :schemeNumber,:firstForename,:secondForename,:thirdForename,:autoAuthSpouse )
            ]]>           
    
			</value>
		</property>
		<property name="itemSqlParameterSourceProvider">
			<bean
				class="org.springframework.batch.item.database.BeanPropertyItemSqlParameterSourceProvider" />
		</property>
	</bean>
	<!-- END OF VALIDATION JOB -->
	<!-- REJECT JOB -->
	<batch:job id="bulkMovementsRejectJob">
		<batch:step id="deleteMovementsStagingRecords">
			<batch:tasklet transaction-manager="transactionManager"
				ref="rejectMovementsTasklet" />
		</batch:step>
	</batch:job>


	<bean id="rejectMovementsTasklet"
		class="org.springframework.batch.core.step.tasklet.MethodInvokingTaskletAdapter">
		<property name="targetObject" ref="rejectBulkMovementsTask" />
		<property name="targetMethod" value="deleteRecordsFromStagingTables" />
	</bean>

	<bean id="rejectBulkMovementsTask"
		class="com.landg.bpa.services.reinsurance.bulkmovements.RejectReinsuranceBulkMovementsTask"
		scope="step">
		<property name="validationJobId" value="#{jobParameters['validationJobId']}" />
	</bean>
	<!-- END OF REJECT JOB -->



	<!-- BULK MOVEMENTS ACCEPT JOB -->
	<batch:job id="bulkMovementsAcceptJob">
		<batch:step id="bulkMovementsAcceptJobStep1"
			allow-start-if-complete="true">
			<batch:tasklet transaction-manager="transactionManager">
				<batch:transaction-attributes
					isolation="READ_COMMITTED" propagation="REQUIRES_NEW" timeout="600" />
				<batch:chunk reader="bulkMovementsAcceptMemberItemReader"
					writer="bulkMovementsAcceptWriter" processor="bulkMovementsAcceptMemberProcessor"
					commit-interval="2000">
				</batch:chunk>


			</batch:tasklet>
			<batch:listeners>
				<batch:listener ref="bulkMovementsAcceptJobStep1ProcessListener" />
			</batch:listeners>
		</batch:step>
		<batch:listeners>

			<batch:listener ref="bulkMovementsAcceptJobListener" />
		</batch:listeners>
	</batch:job>

	<bean id="bulkMovementsAcceptJobListener"
		class="com.landg.bpa.services.iabulkupload.jobs.accept.movements.BulkMovementsAcceptJobListener">
	</bean>

	<bean id="bulkMovementsAcceptJobStep1ProcessListener"
		class=" com.landg.bpa.services.movements.bulkmovements.BulkMovementsAcceptStep1ProcessListener"
		scope="step">
		<property name="jobExecutionId" value="#{jobExecutionContext['executionId']}" />
		<property name="jobExecutionContext" value="#{jobExecutionContext}" />
	</bean>



	<bean id="bulkMovementsAcceptMemberItemReader"
		class="org.springframework.batch.item.database.JdbcCursorItemReader"
		scope="step">
		<property name="dataSource" ref="bpaDataSource" />
		<property name="sql"
			value="select STG_ID,JOB_ID, ORIGINAL_FILE_LINE_NUMBER,EXTRNL_RFRNC_N, 
	    EXTRNL_RFRNC_N2, SPOUSE_EXTRNL_RFRNC_N, SPOUSE_EXTRNL_RFRNC_N2, SPOUSE_SEX,SPOUSE_BIRTH_DATE,
					MOVEMENT_DATE, MOVEMENT_TYPE, ARRANGEMENT_NAME, ARRANGEMENT_ID, SPOUSE_FIRST_NAME, SPOUSE_SURNAME, 
					DEPENDANT_TYPE, SPOUSE_DATE_OF_MARRIAGE	,ANNUITANT_TYPE, PERSON_ID, SURNAME, FIRST_INITIAL, SECOND_INITIAL, THIRD_INITIAL, CURRENT_SEX, NTNL_INSRNC_NMBR, BIRTH_DATE, SCHEME_NUMBER,
					FIRST_FORENAME,SECOND_FORENAME,THIRD_FORENAME,AUTO_AUTH_SPOUSE 	 
					FROM BPA.TBPBULKMOVEMENTSSTG WHERE JOB_ID = #{jobParameters['validationJobId']} ORDER BY ORIGINAL_FILE_LINE_NUMBER ASC" />
		<property name="rowMapper">
			<bean
				class="com.landg.bpa.services.movements.bulkmovements.BulkMovementsStgMapper" />
		</property>
	</bean>

	<!-- must be step scope for this to work asychronously - due to holding 
		member state (which is updated before step for each execution) -->
	<bean id="bulkMovementsAcceptMemberProcessor"
		class=" com.landg.bpa.services.movements.bulkmovements.BulkMovementsAcceptItemProcessor"
		scope="step" />


	<bean id="bulkMovementsAcceptWriter"
		class="org.springframework.batch.item.support.CompositeItemWriter">
		<property name="delegates">
			<list>
				<bean
					class="com.landg.bpa.services.movements.bulkmovements.BulkMovementsAcceptWriter">

				</bean>
			</list>
		</property>
	</bean>
	<bean id="movementServiceMap" class="java.util.HashMap">
		<constructor-arg>
			<map key-type="java.lang.String"
				value-type="com.landg.bpa.services.movements.bulkmovements.BulkMovementService">
				<entry key="AB" value-ref="suspensionService" />
				<entry key="AC" value-ref="reinstateService" />
				<entry key="AR" value-ref="deathService" />
				<entry key="AD" value-ref="newSpouseService" />
				<entry key="Z1" value-ref="newSpouseWithTrivService" />
				<entry key="Z2" value-ref="spouseTrivCommService" />
			</map>
		</constructor-arg>
	</bean>

	<bean id="suspensionService"
		class="com.landg.bpa.services.movements.bulkmovements.BulkSuspensionService" />
	<bean id="reinstateService"
		class="com.landg.bpa.services.movements.bulkmovements.BulkReinstatementMovementService" />
	<bean id="deathService"
		class="com.landg.bpa.services.movements.bulkmovements.BulkDeathMovementService" />
		
    <bean id="newSpouseService"
		class="com.landg.bpa.services.movements.bulkmovements.BulkNewSpouseService" /> 
	
	<bean id="newSpouseWithTrivService"
		class="com.landg.bpa.services.movements.bulkmovements.BulkNewSpouseWithTrivService" />
	
	<bean id="spouseTrivCommService"
		class="com.landg.bpa.services.movements.bulkmovements.BulkSpouseTrivCommService" />
</beans>