<?xml version="1.0" encoding="UTF-8"?>

<project> 
    <dependencies> 
        <commoncomponents> 
            <ccPath>CommonComponents/CommonCore/CommonCore_7_1_21/CommonCore.jar</ccPath>  
            <ccPath>CommonComponents/SecurityFramework/CC_SecurityFramework_5_0_36/SecurityCore.jar</ccPath>  
            <ccPath>CommonComponents/SecurityFramework/CC_SecurityFramework_5_0_36/SecurityWeb.jar</ccPath> 
        </commoncomponents>  
        <commonservices> 
            <ccPath>CommonServices/Corporate/CSCORPORATE6_4_24_0/Corporate.jar</ccPath>  
            <ccPath>CommonServices/CVT/CSCVT6_2_1_4/CVT.jar</ccPath>  
            <ccPath>CommonServices/CALight/CALight_1_0_8/CALight.jar</ccPath> 
        </commonservices>  
        <thirdparty> 
            <ccPath>ThirdPartySoftware/Log4j/Apache/Log4j_1_2_14/log4j.jar</ccPath>  
            <ccPath>ThirdPartySoftware/Junit/SourceForge/Junit_4_12/junit.jar</ccPath>  
            <ccPath>ThirdPartySoftware/Commons-Logging/Apache/Commons-Logging_1_0_4/commons-logging.jar</ccPath>  
            <ccPath>ThirdPartySoftware/Spring-Aop/Spring/Spring-Aop_3_1_0_RELEASE/spring-aop-3.1.0.RELEASE.jar</ccPath>  
            <ccPath>ThirdPartySoftware/Spring-Asm/Spring-Asm_3_1_0_RELEASE/spring-asm-3.1.0.RELEASE.jar</ccPath>  
            <ccPath>ThirdPartySoftware/Spring-WebMVC/Spring/Spring-WebMVC_3_1_0_RELEASE/spring-webmvc-3.1.0.RELEASE.jar</ccPath>  
            <ccPath>ThirdPartySoftware/Spring-Aspects/Spring-Aspects_3_1_0_RELEASE/spring-aspects-3.1.0.RELEASE.jar</ccPath>  
            <ccPath>ThirdPartySoftware/Spring-Beans/Spring/Spring-Beans_3_1_0_RELEASE/spring-beans-3.1.0.RELEASE.jar</ccPath>  
            <ccPath>ThirdPartySoftware/Spring-Context-Support/Spring/Spring-Context-Support_3_1_0_RELEASE/spring-context-support-3.1.0.RELEASE.jar</ccPath>  
            <ccPath>ThirdPartySoftware/Spring-Context/Spring/Spring-Context_3_1_0_RELEASE/spring-context-3.1.0.RELEASE.jar</ccPath>  
            <ccPath>ThirdPartySoftware/Spring-Core/Spring/Spring-Core_3_1_0_RELEASE/spring-core-3.1.0.RELEASE.jar</ccPath>  
            <ccPath>ThirdPartySoftware/Spring-Expression/Spring-Expression_3_1_0_RELEASE/spring-expression-3.1.0.RELEASE.jar</ccPath>  
            <ccPath>ThirdPartySoftware/Spring-Jdbc/Spring/Spring-Jdbc_3_1_0_RELEASE/spring-jdbc-3.1.0.RELEASE.jar</ccPath>  
            <ccPath>ThirdPartySoftware/Spring-Jdbc/Spring/Spring-Jdbc_3_1_0_RELEASE/spring-jdbc-3.1.0.RELEASE.jar</ccPath>  
            <ccPath>ThirdPartySoftware/Spring-Web/Spring/Spring-Web_3_1_0_RELEASE/spring-web-3.1.0.RELEASE.jar</ccPath>  
            <ccPath>ThirdPartySoftware/Spring-Tx/Spring/Spring-Tx_3_1_0_RELEASE/spring-tx-3.1.0.RELEASE.jar</ccPath>  
            <ccPath>ThirdPartySoftware/Spring-Security-Core/Spring/Spring-Security-Core_2_0_5/spring-security-core-2.0.5.RELEASE.jar</ccPath>
        </thirdparty> 
    </dependencies> 
</project>
