<?xml version="1.0" encoding="UTF-8"?>
<beans:beans xmlns="http://www.springframework.org/schema/security"
	xmlns:beans="http://www.springframework.org/schema/beans" xmlns:xsi="http://www.w3.org/2001/XMLSchema-instance"
	xmlns:mvc="http://www.springframework.org/schema/mvc"
	xmlns:util="http://www.springframework.org/schema/util"
	xsi:schemaLocation="http://www.springframework.org/schema/beans
                 http://www.springframework.org/schema/beans/spring-beans-3.1.xsd
                 http://www.springframework.org/schema/security
                 http://www.springframework.org/schema/security/spring-security-3.1.xsd
                 http://www.springframework.org/schema/util
				http://www.springframework.org/schema/util/spring-util-3.0.xsd
                 http://www.springframework.org/schema/mvc 
                 http://www.springframework.org/schema/mvc/spring-mvc.xsd">
	<mvc:annotation-driven></mvc:annotation-driven>
	<mvc:default-servlet-handler/>		
	<http auto-config="false">


	<intercept-url pattern="/welcome" access="ROLE_USER" />
		<!-- <intercept-url pattern="/**" access="ROLE_USER" />
 -->
	<form-login default-target-url="/welcome" login-page="/login" authentication-failure-url="/fail2login" /> 
	<form-login default-target-url="/welcome"   login-processing-url="/j_ADS_security_check" login-page="/login" authentication-failure-url="/fail2login" />
	<form-login default-target-url="/welcome"   login-processing-url="/j_LDAP_security_check" login-page="/login" authentication-failure-url="/fail2login" /> 
	<form-login default-target-url="/welcome"   login-processing-url="/j_CoFund_security_check" login-page="/login" authentication-failure-url="/fail2login" />  
	<!-- 	<form-login login-processing-url="/j_ldap_check"
			default-target-url="/welcomeLDAP.html" login-page="/loginLDAP" /> -->
			
			<custom-filter before="SECURITY_CONTEXT_FILTER" ref="requestResponseContextFilter" />			
			<custom-filter after="FORM_LOGIN_FILTER" ref="customFilters" />
	</http>
	
	
	
	
	
<!-- 	<authentication-manager alias="authenticationManager" >
		<authentication-provider  ref="authenticationProvider" >
			<user-service >
		<user name="mkyong" password="123456" authorities="ROLE_USER" />
	</user-service>
		</authentication-provider>
	</authentication-manager> -->
	
	<authentication-manager  alias="authenticationManager" >
		<authentication-provider  ref="ADSAuthenticationProvider" />
			
		
	</authentication-manager>
	
<!-- 	 <beans:bean id="ADSAuthenticationProvider" -->
<!-- 	class="com.landg.test.providers.ADSAuthenticationProvider" />  -->
	
	 <beans:bean id="LDAPAuthenticationProvider"
	class="com.landg.test.providers.LDAPAuthenticationProvider" /> 
	
	 <beans:bean id="requestResponseContextFilter"
	class="com.landg.test.filter.HttpRequestResponseContextFilter" /> 
	
	<beans:bean id="authenticationProvider" class="com.landg.test.providers.DelegateAuthenticationProvider">
   
    <!-- using property injection (get/setProviders) in the bean class -->
    <beans:property name="delegateList">
    	<util:map map-class="java.util.HashMap">
    			<beans:entry key="portal" value-ref="ADSAuthenticationProvider"></beans:entry> 
				<beans:entry key="consumer" value-ref="LDAPAuthenticationProvider"></beans:entry>
			</util:map>
    </beans:property>
</beans:bean>

<beans:bean  id="customFilters" class="org.springframework.web.filter.CompositeFilter">
    <beans:property name="filters">
        <util:list>
            <beans:ref bean="LDAPAuthenticationFilter"/>
            <beans:ref bean="CoFundAuthenticationFilter"/>
            <beans:ref bean="ADSAuthenticationFilter"/>
        </util:list>
    </beans:property>
</beans:bean>

 <beans:bean id="LDAPAuthenticationFilter"
	class="com.landg.test.filter.LDAPAuthenticationFilter"  > 
	<beans:property name="authenticationManager" ref="authenticationManager"></beans:property>
	</beans:bean>
<beans:bean id="CoFundAuthenticationFilter"
	class="com.landg.test.filter.CoFundAuthenticationFilter"  > 
		<beans:property name="authenticationManager" ref="authenticationManager"></beans:property>
	</beans:bean>
<beans:bean id="ADSAuthenticationFilter"
	class="com.landg.test.filter.ADSAuthenticationFilter"  > 
		<beans:property name="authenticationManager" ref="authenticationManager"></beans:property>
	</beans:bean>

<beans:bean id="ADSAuthenticationProvider" class="org.springframework.security.ldap.authentication.ad.ActiveDirectoryLdapAuthenticationProvider">
<beans:constructor-arg value="LANDGTEST.NET" />  
<beans:constructor-arg value="ldap://WNHBQADC011.LANDGTEST.NET:389/" />  
</beans:bean>





</beans:beans>